Date,bitcoin,ethereum,ripple,dash,litecoin,monero,ethereum-classic,nem,augur,^IXIC,^RUT,^DJI,^GSPC,trend_bitcoin
2017-01-01,998.33,8.17,0.006368,11.23,4.51,13.97,1.40,0.003440,4.00,0.0,0.0,0.0,0.0,7.0
2017-01-02,1021.75,8.38,0.006311,11.81,4.65,16.05,1.44,0.003377,4.19,0.0,0.0,0.0,0.0,6.714285714285714
2017-01-03,1043.84,9.73,0.006386,12.78,4.63,16.09,1.49,0.003573,4.27,5429.080078,1365.48999,19881.759766,2257.830078,6.428571428571429
2017-01-04,1154.73,11.25,0.006570,16.52,4.84,18.53,1.76,0.003766,4.94,5477.0,1387.949951,19942.160156,2270.75,6.142857142857143
2017-01-05,1013.38,10.25,0.006201,14.38,4.29,16.19,1.61,0.003638,5.10,5487.939941,1371.939941,19899.289063,2269.0,5.857142857142858
2017-01-06,902.20,10.25,0.006315,12.03,3.86,14.03,1.51,0.003329,5.11,5521.060059,1367.280029,19963.800781,2276.97998,5.571428571428571
2017-01-07,908.59,9.87,0.006366,12.44,3.96,13.06,1.44,0.003508,4.69,5524.646647333334,1364.0166826666666,19938.327473666668,2274.2866206666667,5.285714285714286
2017-01-08,911.20,10.29,0.006233,12.54,3.99,13.47,1.45,0.003421,4.56,5528.233235666667,1360.7533363333334,19912.854166333334,2271.5932613333334,5.0
2017-01-09,902.83,10.33,0.006167,12.09,4.30,13.74,1.41,0.003608,4.22,5531.819824,1357.48999,19887.380859,2268.899902,4.857142857142857
2017-01-10,907.68,10.55,0.006698,12.49,4.59,13.39,1.43,0.003601,4.21,5551.819824,1370.900024,19855.529297,2268.899902,4.714285714285714
2017-01-11,777.76,9.72,0.006411,11.30,3.85,11.64,1.18,0.003297,3.78,5563.649902,1373.300049,19954.279297,2275.320068,4.571428571428571
2017-01-12,804.83,9.86,0.006423,12.22,3.96,11.85,1.22,0.003489,4.10,5547.490234000001,1361.069946,19891.0,2270.439941,4.428571428571429
2017-01-13,823.98,9.77,0.006596,12.59,3.89,11.27,1.21,0.003592,4.32,5574.120117,1372.050049,19885.730469,2274.639893,4.285714285714286
2017-01-14,818.41,9.65,0.006863,12.08,3.90,11.09,1.20,0.003720,4.29,5565.27258275,1367.11752325,19870.9902345,2272.952393,4.142857142857143
2017-01-15,821.80,9.90,0.006726,12.39,3.93,10.76,1.19,0.003667,4.12,5556.4250485,1362.1849975,19856.25,2271.264893,4.0
2017-01-16,831.53,9.64,0.006788,12.94,3.90,10.64,1.18,0.003669,4.00,5547.577514250001,1357.25247175,19841.5097655,2269.577393,4.0
2017-01-17,907.94,10.30,0.006800,14.25,3.94,12.39,1.21,0.003524,4.34,5538.72998,1352.319946,19826.769531,2267.889893,4.0
2017-01-18,886.62,10.23,0.006709,14.06,3.84,12.05,1.20,0.003552,4.40,5555.649902,1358.560059,19804.720703,2271.889893,4.0
2017-01-19,899.07,10.40,0.007034,15.18,3.86,12.15,1.17,0.003585,4.49,5540.080078,1345.73999,19732.400391,2263.689941,4.0
2017-01-20,895.03,10.60,0.006675,15.16,3.89,11.91,1.34,0.003545,4.43,5555.330078,1351.849976,19827.25,2271.310059,4.0
2017-01-21,921.79,10.91,0.006706,14.97,3.90,12.03,1.41,0.003691,4.56,5554.533365666666,1350.513306,19818.116536333335,2269.273356333333,4.0
2017-01-22,924.67,10.70,0.006713,15.11,3.84,12.18,1.38,0.003696,4.66,5553.736653333333,1349.176636,19808.983072666666,2267.236653666667,4.0
2017-01-23,921.01,10.82,0.006697,15.19,3.84,12.25,1.41,0.003689,4.59,5552.939941,1347.839966,19799.849609,2265.199951,4.0
2017-01-24,892.69,10.63,0.006540,14.09,3.79,11.81,1.36,0.003902,4.33,5600.959961,1369.209961,19912.710938,2280.070068,4.0
2017-01-25,901.54,10.57,0.006513,14.51,3.71,11.83,1.29,0.004543,4.33,5656.339844,1382.439941,20068.509766,2298.3701170000004,4.0
2017-01-26,917.59,10.59,0.006690,15.04,3.83,11.98,1.33,0.005204,4.14,5655.180176,1375.599976,20100.910156,2296.679932,4.0
2017-01-27,919.75,10.54,0.006415,15.34,3.86,12.10,1.28,0.004994,4.32,5660.779785,1370.699951,20093.779297,2294.689941,4.0
2017-01-28,921.59,10.56,0.006342,15.27,3.85,12.85,1.30,0.004815,4.26,5645.089843666667,1364.5766193333334,20052.896484333334,2290.0932613333334,4.0
2017-01-29,919.50,10.48,0.006402,15.51,3.85,12.66,1.30,0.005164,4.34,5629.399902333333,1358.4532876666667,20012.013671666668,2285.4965816666668,4.0
2017-01-30,920.38,10.57,0.006381,15.96,4.02,12.71,1.35,0.005252,4.22,5613.709961,1352.329956,19971.130859,2280.899902,4.0
2017-01-31,970.40,10.73,0.006314,16.07,4.08,12.99,1.36,0.005237,4.29,5614.790039,1361.819946,19864.089844,2278.8701170000004,4.0
2017-02-01,989.02,10.73,0.006540,16.03,4.08,13.27,1.36,0.005487,4.21,5642.649902,1361.22998,19890.939453,2279.550049,4.0
2017-02-02,1011.80,10.82,0.006469,16.31,4.09,13.14,1.36,0.006294,4.11,5636.200195,1357.430054,19884.910156,2280.850098,4.0
2017-02-03,1029.91,11.11,0.006474,17.52,4.08,12.86,1.36,0.006938,4.10,5666.77002,1377.839966,20071.460938,2297.419922,4.0
2017-02-04,1042.90,11.43,0.006492,17.62,4.06,12.61,1.39,0.007173,4.22,5665.696615,1374.113322,20065.113932666667,2295.799967666667,4.0
2017-02-05,1027.34,11.35,0.006442,17.06,4.04,12.80,1.39,0.006389,4.15,5664.62321,1370.386678,20058.766927333334,2294.180013333333,4.0
2017-02-06,1038.15,11.39,0.006450,17.12,4.04,12.88,1.47,0.006039,4.24,5663.549805,1366.660034,20052.419922,2292.560059,4.0
2017-02-07,1061.35,11.52,0.006407,17.14,4.04,12.65,1.47,0.006917,4.31,5674.220215,1361.060059,20090.289063,2293.080078,4.0
2017-02-08,1063.07,11.43,0.006438,17.35,4.02,12.80,1.45,0.006661,4.58,5682.450195,1358.73999,20054.339844,2294.669922,4.0
2017-02-09,994.38,11.03,0.006374,16.58,3.80,12.12,1.27,0.006323,4.33,5715.180176,1378.530029,20172.400391,2307.8701170000004,4.0
2017-02-10,988.67,11.28,0.006289,16.67,3.78,11.98,1.26,0.006338,4.20,5734.129883,1388.839966,20269.369141,2316.100098,4.0
2017-02-11,1004.45,11.35,0.006333,17.15,3.79,12.24,1.24,0.006992,4.31,5744.073242333333,1390.019979,20316.966146,2320.1500653333333,4.0
2017-02-12,999.18,11.40,0.006269,16.91,3.76,12.33,1.23,0.006900,4.47,5754.016601666666,1391.199992,20364.563151000002,2324.2000326666666,4.0
2017-02-13,990.64,11.27,0.006251,16.88,3.72,12.20,1.19,0.006635,4.31,5763.959961,1392.380005,20412.160156,2328.25,4.142857142857143
2017-02-14,1004.55,13.03,0.006278,18.15,3.77,12.99,1.25,0.006730,4.76,5782.569824,1396.650024,20504.410156,2337.580078,4.285714285714286
2017-02-15,1007.48,12.92,0.006147,19.63,3.81,13.62,1.26,0.007093,4.85,5819.439941,1404.209961,20611.859375,2349.25,4.428571428571429
2017-02-16,1027.44,12.90,0.006027,19.52,3.79,13.10,1.24,0.007039,4.95,5814.899902,1399.130005,20619.769531,2347.219971,4.571428571428571
2017-02-17,1046.21,12.68,0.005935,20.00,3.83,13.30,1.23,0.007113,4.92,5838.580078,1399.859985,20624.050781,2351.159912,4.714285714285714
2017-02-18,1054.42,12.81,0.005569,21.41,3.79,13.36,1.22,0.006863,5.06,5845.4226072500005,1402.4799802500002,20653.788085750002,2354.7149047499997,4.857142857142857
2017-02-19,1047.87,12.76,0.005878,22.55,3.76,12.99,1.22,0.006352,5.19,5852.2651365,1405.0999755,20683.5253905,2358.2698975,5.0
2017-02-20,1079.98,12.43,0.005873,21.59,3.77,12.22,1.22,0.006559,5.05,5859.10766575,1407.71997075,20713.26269525,2361.82489025,5.142857142857143
2017-02-21,1115.30,12.67,0.005832,21.25,3.78,12.34,1.24,0.006326,4.64,5865.950195,1410.339966,20743.0,2365.3798829999996,5.285714285714286
2017-02-22,1117.44,12.60,0.005860,22.12,3.81,12.77,1.21,0.006388,4.73,5860.629883,1403.859985,20775.599609,2362.820068,5.428571428571429
2017-02-23,1166.72,13.12,0.005895,25.22,3.84,12.87,1.22,0.006853,4.87,5835.509765999999,1394.619995,20810.320313,2363.810059,5.571428571428571
2017-02-24,1173.68,13.07,0.005701,26.20,3.85,11.92,1.21,0.006571,4.72,5845.310059,1394.52002,20821.759766,2367.340088,5.714285714285714
2017-02-25,1143.84,13.55,0.005665,26.76,3.83,11.85,1.21,0.006340,4.74,5850.840006666667,1399.0033369999999,20826.986328333332,2368.143392,5.857142857142857
2017-02-26,1165.20,14.52,0.005671,28.11,3.83,11.89,1.25,0.006447,4.91,5856.369954333333,1403.486654,20832.212890666666,2368.946696,6.0
2017-02-27,1179.97,15.40,0.005609,28.18,3.80,11.96,1.23,0.006415,4.80,5861.899902,1407.969971,20837.439453,2369.75,6.142857142857143
2017-02-28,1179.97,15.82,0.005536,32.51,3.77,12.28,1.24,0.007034,4.54,5825.439941,1386.680054,20812.240234,2363.639893,6.285714285714286
2017-03-01,1222.50,17.35,0.005408,42.54,3.80,12.33,1.40,0.007850,5.11,5904.029785,1413.640015,21115.550781,2395.959961,6.428571428571429
2017-03-02,1251.01,19.03,0.005991,42.44,3.92,13.11,1.36,0.008818,5.78,5861.220215,1395.670044,21002.970703,2381.919922,6.571428571428571
2017-03-03,1274.99,19.46,0.006339,47.38,3.92,13.91,1.44,0.008887,5.74,5870.75,1394.130005,21005.710938,2383.1201170000004,6.714285714285714
2017-03-04,1255.15,18.62,0.006299,43.38,3.88,13.67,1.43,0.009567,5.57,5863.560058666667,1390.83667,20988.58724,2380.5167643333334,6.857142857142857
2017-03-05,1267.12,19.30,0.006129,42.31,3.90,15.18,1.40,0.011338,6.11,5856.370117333333,1387.543335,20971.463541999998,2377.913411666667,7.0
2017-03-06,1272.83,19.61,0.006057,46.50,3.92,15.41,1.43,0.010823,5.97,5849.180176,1384.25,20954.339844,2375.310059,6.857142857142857
2017-03-07,1223.54,18.89,0.006534,45.68,3.82,13.53,1.37,0.010970,5.76,5833.930176,1374.880005,20924.759766,2368.389893,6.714285714285714
2017-03-08,1150.00,16.65,0.006509,42.33,3.78,12.47,1.29,0.009314,5.30,5837.549805,1366.040039,20855.730469,2362.97998,6.571428571428571
2017-03-09,1188.49,17.75,0.006498,51.06,3.84,13.03,1.32,0.009042,5.47,5838.810059,1360.119995,20858.189453,2364.8701170000004,6.428571428571429
2017-03-10,1116.72,19.33,0.006227,50.42,3.75,13.21,1.30,0.009141,5.98,5861.72998,1365.26001,20902.980469,2372.600098,6.285714285714286
2017-03-11,1175.83,21.47,0.006238,72.93,3.80,14.69,1.38,0.009836,6.02,5866.413248333333,1366.9333496666666,20895.81380233333,2372.8900556666667,6.142857142857143
2017-03-12,1221.38,23.44,0.006255,77.08,3.84,16.79,1.42,0.009894,7.32,5871.0965166666665,1368.6066893333334,20888.647135666666,2373.180013333333,6.0
2017-03-13,1231.92,28.59,0.006385,74.61,4.17,18.13,1.65,0.010914,7.75,5875.779785,1370.280029,20881.480469,2373.469971,5.857142857142857
2017-03-14,1240.00,28.65,0.006381,88.24,4.06,17.76,1.66,0.011614,8.37,5856.819824,1362.380005,20837.369141,2365.449951,5.714285714285714
2017-03-15,1249.61,35.06,0.006314,95.09,4.16,18.98,1.80,0.011237,10.00,5900.049805,1382.829956,20950.099609,2385.26001,5.571428571428571
2017-03-16,1187.81,46.35,0.006394,89.81,4.24,22.48,2.13,0.011102,9.60,5900.759765999999,1386.030029,20934.550781,2381.3798829999996,5.428571428571429
2017-03-17,1100.23,46.83,0.006116,99.14,4.06,22.35,1.91,0.011788,8.08,5901.0,1391.52002,20914.619141,2378.25,5.285714285714286
2017-03-18,973.82,34.16,0.006710,109.24,3.97,20.07,1.70,0.011957,6.90,5901.176595,1389.046672,20911.699219,2376.656657,5.142857142857143
2017-03-19,1036.74,44.74,0.006912,108.23,3.96,23.29,1.92,0.016474,8.43,5901.35319,1386.573324,20908.779297,2375.063314,5.0
2017-03-20,1054.23,43.39,0.006975,100.05,4.03,22.51,1.95,0.014328,8.31,5901.529785,1384.099976,20905.859375,2373.469971,5.0
2017-03-21,1120.54,43.15,0.006909,95.38,4.01,21.29,2.43,0.015800,8.29,5793.830078,1346.550049,20668.009766,2344.02002,5.0
2017-03-22,1049.14,42.34,0.007301,101.51,3.94,21.42,2.40,0.016312,9.18,5821.640136999999,1345.599976,20661.300781,2348.449951,5.0
2017-03-23,1038.59,43.68,0.010582,101.43,3.98,21.82,2.29,0.015020,9.33,5817.689941,1353.430054,20656.580078,2345.959961,5.0
2017-03-24,937.52,53.11,0.010518,97.27,4.08,21.10,2.41,0.013891,9.03,5828.740234000001,1354.640015,20596.720703,2343.97998,5.0
2017-03-25,972.78,51.25,0.009116,94.33,4.07,20.14,2.28,0.012710,8.88,5832.616861666667,1355.5333253333333,20581.473958333332,2343.1833493333334,5.0
2017-03-26,966.73,50.52,0.009545,93.63,4.06,19.61,2.31,0.013527,8.73,5836.493489333334,1356.4266356666667,20566.227213666665,2342.3867186666666,5.0
2017-03-27,1045.77,49.67,0.009597,85.66,4.08,19.66,2.13,0.013332,9.04,5840.370117,1357.319946,20550.980469,2341.590088,5.0
2017-03-28,1047.15,50.77,0.009514,87.89,4.16,19.81,2.27,0.013647,9.14,5875.140136999999,1367.26001,20701.5,2358.570068,5.0
2017-03-29,1039.97,53.13,0.010101,84.40,4.19,21.14,2.33,0.014892,9.29,5897.549805,1371.640015,20659.320313,2361.1298829999996,5.0
2017-03-30,1026.43,52.21,0.013276,79.61,6.98,20.88,2.83,0.014036,9.93,5914.339844,1382.349976,20728.490234,2368.060059,5.0
2017-03-31,1071.79,50.04,0.020889,74.91,6.67,20.54,2.83,0.014928,11.84,5911.740234000001,1385.920044,20663.220703,2362.719971,5.0
2017-04-01,1080.50,50.70,0.021892,68.60,6.88,21.50,2.76,0.017632,12.61,5906.053548000001,1380.5033773333332,20658.884114666667,2361.4266766666665,5.0
2017-04-02,1102.17,48.75,0.061159,57.07,7.74,20.14,2.64,0.016086,11.60,5900.366862,1375.0867106666667,20654.547526333332,2360.1333823333334,5.0
2017-04-03,1143.81,44.36,0.033023,61.76,8.07,20.33,2.60,0.020000,11.05,5894.680176,1369.670044,20650.210938,2358.840088,5.0
2017-04-04,1133.25,44.64,0.037455,69.07,8.29,21.35,2.67,0.018258,11.08,5898.609863000001,1368.180054,20689.240234,2360.159912,5.0
2017-04-05,1124.78,45.30,0.035544,74.37,11.09,19.62,2.76,0.017454,10.41,5864.47998,1352.140015,20648.150391,2352.949951,5.0
2017-04-06,1182.68,43.24,0.032665,66.53,10.25,19.27,2.68,0.016597,10.42,5878.950195,1364.430054,20662.949219,2357.48999,5.0
2017-04-07,1176.90,42.16,0.036319,66.19,9.37,19.39,2.73,0.016876,9.55,5877.810059,1364.560059,20656.099609,2355.540039,5.0
2017-04-08,1175.95,44.31,0.035849,67.75,9.92,20.83,2.72,0.018439,9.96,5878.850098,1365.4033613333334,20656.739583000002,2356.079996666667,5.0
2017-04-09,1187.87,43.27,0.034020,64.70,8.71,20.68,2.64,0.020015,10.03,5879.890137,1366.2466636666666,20657.379557,2356.619954333333,5.0
2017-04-10,1187.13,43.44,0.033598,61.31,8.92,21.83,2.60,0.020881,10.12,5880.930176,1367.089966,20658.019531,2357.159912,5.0
2017-04-11,1205.01,43.41,0.032952,60.53,8.85,21.36,2.54,0.019801,10.07,5866.77002,1376.949951,20651.300781,2353.780029,5.0
2017-04-12,1200.37,46.29,0.034336,68.00,10.79,21.76,2.62,0.020753,10.57,5836.160156,1359.199951,20591.859375,2344.929932,5.0
2017-04-13,1169.28,50.22,0.034383,72.57,10.15,21.48,2.62,0.021136,10.58,5805.149902,1345.23999,20453.25,2328.949951,5.0
2017-04-14,1167.54,47.57,0.033779,70.77,10.39,20.59,2.64,0.022076,10.82,5818.05993625,1349.2250060000001,20499.1674805,2333.96496575,5.0
2017-04-15,1172.52,49.10,0.033955,75.01,10.79,20.71,2.68,0.024322,11.34,5830.9699705,1353.210022,20545.084961,2338.9799805000002,5.0
2017-04-16,1182.94,48.72,0.033462,75.34,10.71,20.46,2.63,0.024114,11.93,5843.880004750001,1357.1950379999998,20591.0024415,2343.99499525,5.0
2017-04-17,1193.91,48.30,0.033655,75.64,10.42,20.56,2.62,0.026132,11.82,5856.790039,1361.180054,20636.919922,2349.01001,5.0
2017-04-18,1211.67,50.71,0.033183,72.83,10.32,21.06,2.89,0.028338,12.51,5849.470215,1361.890015,20523.279297,2342.189941,5.0
2017-04-19,1210.29,48.31,0.030173,72.28,9.66,20.39,3.14,0.032498,11.97,5863.029785,1367.130005,20404.490234,2338.169922,5.0
2017-04-20,1229.08,49.67,0.029984,71.45,10.33,20.24,3.28,0.028481,11.34,5916.779785,1384.150024,20578.710938,2355.840088,5.0
2017-04-21,1222.05,48.22,0.032780,70.88,11.23,20.29,3.18,0.032971,11.11,5910.52002,1379.849976,20547.759766,2348.689941,5.0
2017-04-22,1231.71,48.55,0.031770,71.22,13.06,20.12,3.23,0.031970,12.09,5934.953288,1385.8799643333334,20619.803385666666,2357.176594666667,5.0
2017-04-23,1207.21,48.49,0.031278,68.89,13.94,19.72,3.54,0.031441,11.68,5959.386556,1391.9099526666666,20691.847005333333,2365.6632483333333,5.0
2017-04-24,1250.15,50.03,0.031384,72.20,14.97,19.56,4.05,0.034198,13.83,5983.819824,1397.939941,20763.890625,2374.149902,5.285714285714286
2017-04-25,1265.49,49.89,0.032346,72.07,15.21,19.65,3.96,0.037436,13.39,6025.490234000001,1411.079956,20996.119141,2388.610107,5.571428571428571
2017-04-26,1281.08,52.72,0.032797,71.53,14.85,19.37,4.59,0.049937,12.69,6025.22998,1419.430054,20975.089844,2387.449951,5.857142857142857
2017-04-27,1317.73,62.17,0.034816,78.17,14.62,21.21,4.95,0.046975,13.85,6048.939941,1417.130005,20981.330078,2388.77002,6.142857142857142
2017-04-28,1316.48,70.16,0.044475,79.49,14.34,22.35,4.84,0.048639,14.43,6047.609863000001,1400.430054,20940.509766,2384.199951,6.428571428571429
2017-04-29,1321.79,68.38,0.052868,94.95,15.74,22.76,5.42,0.048039,16.86,6062.273274666667,1402.740031,20931.49349,2385.57666,6.714285714285714
2017-04-30,1347.89,79.02,0.051607,91.55,15.71,23.72,6.52,0.050966,16.78,6076.9366863333335,1405.050008,20922.477214,2386.953369,7.0
2017-05-01,1421.60,76.30,0.055115,88.12,15.92,22.77,6.89,0.052053,15.97,6091.600098,1407.359985,20913.460938,2388.330078,7.428571428571429
2017-05-02,1452.82,77.26,0.053908,86.24,15.89,23.04,6.58,0.051829,16.49,6095.370117,1399.359985,20949.890625,2391.169922,7.857142857142857
2017-05-03,1490.09,79.72,0.060490,90.08,21.04,25.20,6.67,0.052956,16.65,6072.549805,1390.920044,20957.900391,2388.1298829999996,8.285714285714285
2017-05-04,1537.67,96.98,0.078914,92.80,23.39,25.99,7.63,0.063401,17.37,6075.339844,1388.849976,20951.470703,2389.52002,8.714285714285714
2017-05-05,1555.45,94.40,0.093550,99.01,26.27,28.45,7.53,0.072928,17.14,6100.759765999999,1397.0,21006.939453,2399.290039,9.142857142857142
2017-05-06,1578.80,97.81,0.101791,99.76,28.16,28.98,7.27,0.073401,17.65,6101.393229333333,1395.2133383333332,21008.719401,2399.319987,9.571428571428571
2017-05-07,1596.71,94.01,0.141763,106.28,30.29,32.78,7.12,0.099328,17.25,6102.026692666666,1393.4266766666667,21010.499349,2399.3499349999997,10.0
2017-05-08,1723.35,91.42,0.198212,101.10,28.96,30.47,6.66,0.118875,17.39,6102.660156,1391.640015,21012.279297,2399.3798829999996,10.142857142857142
2017-05-09,1755.36,91.16,0.160074,93.30,33.58,28.66,6.44,0.111753,16.83,6120.589844,1391.859985,20975.779297,2396.919922,10.285714285714286
2017-05-10,1787.13,89.52,0.186066,91.52,31.96,29.84,6.60,0.111377,16.97,6129.140136999999,1399.589966,20943.109375,2399.6298829999996,10.428571428571429
2017-05-11,1848.57,89.88,0.183135,91.54,30.72,29.51,6.48,0.109908,17.66,6115.959961,1390.199951,20919.419922,2394.439941,10.571428571428571
2017-05-12,1724.24,88.66,0.206068,86.80,27.45,28.68,6.34,0.130036,16.73,6121.22998,1382.77002,20896.609375,2390.899902,10.714285714285714
2017-05-13,1804.91,90.84,0.214878,89.35,28.91,28.47,6.14,0.127062,16.18,6130.709960666667,1386.4866946666666,20925.052734333334,2394.706624,10.857142857142858
2017-05-14,1808.91,90.79,0.220223,89.80,28.89,28.53,6.83,0.125946,17.00,6140.189941333333,1390.2033693333333,20953.496093666665,2398.513346,11.0
2017-05-15,1738.43,92.41,0.270720,91.49,25.37,27.79,6.41,0.117825,15.96,6149.669922,1393.920044,20981.939453,2402.320068,12.142857142857142
2017-05-16,1734.45,89.44,0.349861,85.59,23.33,26.26,6.26,0.107400,14.24,6169.870117,1394.680054,20979.75,2400.669922,13.285714285714285
2017-05-17,1839.09,89.86,0.394132,83.26,25.40,26.93,5.93,0.120358,15.43,6011.240234000001,1355.890015,20606.929688,2357.030029,14.428571428571429
2017-05-18,1888.65,96.91,0.364869,89.73,28.36,30.33,6.73,0.214931,15.94,6055.129883,1361.079956,20663.019531,2365.719971,15.571428571428571
2017-05-19,1987.71,129.53,0.327801,98.98,27.70,31.87,7.99,0.212863,16.97,6083.700195,1367.329956,20804.839844,2381.72998,16.714285714285715
2017-05-20,2084.73,126.52,0.351634,100.77,27.51,35.10,7.41,0.225015,17.55,6100.340169,1370.5999756666668,20834.836588666665,2385.82666,17.857142857142858
2017-05-21,2041.20,157.94,0.336201,102.03,26.30,34.64,9.40,0.244041,17.36,6116.980143000001,1373.8699953333332,20864.833333333332,2389.92334,19.0
2017-05-22,2173.40,174.26,0.317954,120.73,25.38,36.17,9.90,0.259399,19.80,6133.620117,1377.140015,20894.830078,2394.02002,18.0
2017-05-23,2320.42,181.95,0.323368,138.07,32.11,55.62,11.94,0.265100,29.05,6138.709961,1380.97998,20937.910156,2398.419922,17.0
2017-05-24,2443.64,190.05,0.295890,144.63,34.45,45.38,18.87,0.261565,27.17,6163.02002,1382.51001,21012.419922,2404.389893,16.0
2017-05-25,2304.98,174.45,0.246065,119.63,29.90,40.12,16.35,0.206736,23.54,6205.259765999999,1383.390015,21082.949219,2415.070068,15.0
2017-05-26,2202.42,160.40,0.271808,112.94,23.75,38.71,14.26,0.182618,22.01,6210.189941,1382.23999,21080.279297,2415.820068,14.0
2017-05-27,2038.87,157.76,0.212549,99.20,23.74,33.41,16.26,0.198840,20.31,6208.439941,1379.4774777500002,21067.5771485,2415.092529,13.0
2017-05-28,2155.80,170.51,0.229554,108.14,24.22,36.84,16.13,0.208126,20.33,6206.689941,1376.7149655,21054.875,2414.36499,12.0
2017-05-29,2255.61,194.91,0.232070,117.26,25.21,41.21,17.10,0.208717,21.11,6204.939941,1373.95245325,21042.1728515,2413.637451,12.0
2017-05-30,2175.47,231.91,0.205324,121.13,24.14,39.79,18.54,0.186042,20.31,6203.189941,1371.189941,21029.470703,2412.909912,12.0
2017-05-31,2286.41,230.67,0.246590,135.97,25.30,41.83,17.68,0.202065,21.84,6198.52002,1370.209961,21008.650391,2411.800049,12.0
2017-06-01,2407.88,222.24,0.333657,136.08,28.80,43.70,16.83,0.230595,23.86,6246.830078,1396.060059,21144.179688,2430.060059,12.0
2017-06-02,2488.55,223.78,0.303448,145.29,28.94,44.00,17.38,0.227844,24.79,6305.799805,1405.390015,21206.289063,2439.070068,12.0
2017-06-03,2515.35,224.38,0.294580,144.29,27.66,42.37,16.26,0.215075,26.22,6302.426595333333,1402.4099936666667,21198.872396333332,2438.080078,12.0
2017-06-04,2511.81,245.33,0.299413,143.35,27.94,42.90,17.48,0.215562,28.96,6299.053385666666,1399.4299723333334,21191.455729666668,2437.090088,12.0
2017-06-05,2686.81,248.46,0.294003,144.92,30.84,48.26,17.31,0.236163,28.80,6295.680176,1396.449951,21184.039063,2436.100098,12.142857142857142
2017-06-06,2863.20,264.47,0.284548,145.19,30.55,55.57,17.49,0.233988,33.41,6275.060059,1394.900024,21136.230469,2429.330078,12.285714285714286
2017-06-07,2732.16,258.07,0.279783,140.36,28.39,52.54,17.51,0.209825,34.17,6297.379883,1396.670044,21173.689453,2433.139893,12.428571428571429
2017-06-08,2805.62,261.67,0.289678,145.03,30.21,56.19,17.54,0.219575,35.54,6321.759765999999,1415.609985,21182.529297,2433.790039,12.571428571428571
2017-06-09,2823.81,281.74,0.286019,148.93,29.68,55.62,17.45,0.215685,34.18,6207.919922,1421.709961,21271.970703,2431.77002,12.714285714285714
2017-06-10,2947.71,337.67,0.260874,152.00,30.44,52.28,19.66,0.202606,33.75,6197.099935,1420.8766276666668,21259.870442666666,2430.9766443333333,12.857142857142858
2017-06-11,2958.11,340.61,0.272759,188.27,33.22,58.70,21.57,0.218017,33.78,6186.279947999999,1420.0432943333333,21247.770182333334,2430.1832686666667,13.0
2017-06-12,2659.63,401.49,0.253964,170.78,29.50,50.04,20.33,0.202731,31.46,6175.459961,1419.209961,21235.669922,2429.389893,12.714285714285714
2017-06-13,2717.02,397.54,0.266153,183.97,30.64,51.80,20.74,0.210863,33.02,6220.370117,1425.98999,21328.470703,2440.350098,12.428571428571429
2017-06-14,2506.37,359.05,0.278447,163.21,30.22,46.30,18.84,0.201501,30.58,6194.890136999999,1417.569946,21374.560547,2437.919922,12.142857142857142
2017-06-15,2464.58,361.93,0.259266,163.35,30.22,46.02,18.36,0.194843,28.15,6165.5,1410.079956,21359.900391,2432.459961,11.857142857142858
2017-06-16,2518.56,370.23,0.262068,166.25,35.70,48.11,18.40,0.192579,28.76,6151.759765999999,1406.72998,21384.279297,2433.149902,11.571428571428571
2017-06-17,2655.88,379.41,0.268351,178.13,47.65,50.46,23.27,0.204418,31.09,6180.843099333332,1410.5133053333334,21432.516276000002,2439.9199216666666,11.285714285714286
2017-06-18,2548.29,371.46,0.284600,193.53,46.04,49.60,22.07,0.198033,30.02,6209.926432666666,1414.2966306666667,21480.753255,2446.6899413333335,11.0
2017-06-19,2589.60,370.06,0.296068,201.26,50.32,49.09,22.95,0.195966,32.78,6239.009765999999,1418.079956,21528.990234,2453.459961,11.0
2017-06-20,2721.79,359.00,0.324427,187.91,47.22,48.08,21.68,0.199343,30.13,6188.029785,1402.969971,21467.140625,2437.030029,11.0
2017-06-21,2689.10,336.87,0.296366,178.81,47.79,46.59,20.70,0.191312,28.97,6233.950195,1399.25,21410.029297,2435.610107,11.0
2017-06-22,2705.41,336.37,0.297848,177.06,47.71,47.28,20.79,0.182819,30.11,6236.689941,1404.540039,21397.289063,2434.5,11.0
2017-06-23,2744.91,341.74,0.319978,189.26,47.34,51.41,21.34,0.197522,31.26,6265.25,1414.780029,21394.759766,2438.300049,11.0
2017-06-24,2608.72,323.70,0.311110,182.62,44.49,48.03,20.19,0.186160,29.42,6259.216634,1415.4000243333332,21399.690104333335,2438.556722,11.0
2017-06-25,2589.41,303.25,0.298423,172.88,43.92,45.89,21.42,0.177182,27.99,6253.183268,1416.0200196666667,21404.620442666666,2438.813395,11.0
2017-06-26,2478.45,272.69,0.277288,162.89,41.13,43.49,19.58,0.162366,25.16,6247.149902,1416.640015,21409.550781,2439.070068,10.714285714285714
2017-06-27,2552.45,293.09,0.276306,176.02,40.54,43.57,19.14,0.163454,25.60,6146.620117,1403.52002,21310.660156,2419.3798829999996,10.428571428571429
2017-06-28,2574.79,327.93,0.280455,184.13,42.85,47.32,19.65,0.170694,28.08,6234.410156,1425.27002,21454.609375,2440.689941,10.142857142857142
2017-06-29,2539.32,302.88,0.265421,177.17,41.07,45.02,18.66,0.163684,26.74,6144.350098,1416.199951,21287.029297,2419.699951,9.857142857142858
2017-06-30,2480.84,294.92,0.262930,181.77,40.35,43.73,18.92,0.159532,28.10,6140.419922,1415.359985,21349.630859,2423.409912,9.571428571428571
2017-07-01,2434.55,274.60,0.254744,165.71,38.99,40.96,17.81,0.145722,24.75,6130.299967666667,1419.1333413333334,21392.843749666667,2425.276611333333,9.285714285714286
2017-07-02,2506.47,287.99,0.259449,173.49,41.57,42.79,17.91,0.159311,26.23,6120.180013333334,1422.9066976666666,21436.056640333336,2427.143310666667,9.0
2017-07-03,2564.06,282.90,0.259959,180.79,46.43,43.63,17.85,0.176653,28.77,6110.060059,1426.680054,21479.269531,2429.01001,9.142857142857142
2017-07-04,2601.64,273.30,0.254709,183.06,55.33,45.47,18.05,0.188350,27.55,6130.4599610000005,1423.415039,21478.7197265,2430.7750244999997,9.285714285714286
2017-07-05,2601.99,268.77,0.256523,209.48,53.19,45.72,17.77,0.174562,26.88,6150.859863000001,1420.150024,21478.169922,2432.540039,9.428571428571429
2017-07-06,2608.56,270.55,0.254641,213.17,51.13,50.12,17.91,0.169307,27.50,6089.459961,1400.810059,21320.039063,2409.75,9.571428571428571
2017-07-07,2518.66,245.99,0.239480,196.46,46.58,44.25,16.75,0.156905,23.06,6153.080078,1415.839966,21414.339844,2425.179932,9.714285714285714
2017-07-08,2571.34,251.70,0.236134,209.20,52.14,46.10,16.99,0.158505,23.45,6160.850097666666,1413.383301,21412.399739666667,2425.929932,9.857142857142858
2017-07-09,2518.44,242.14,0.233416,195.64,49.58,44.85,16.26,0.152993,22.28,6168.620117333333,1410.926636,21410.459635333333,2426.679932,10.0
2017-07-10,2372.56,215.36,0.203165,174.40,46.58,40.01,15.48,0.132048,16.77,6176.390136999999,1408.469971,21408.519531,2427.429932,10.285714285714286
2017-07-11,2337.79,197.40,0.185019,165.73,45.33,37.14,14.72,0.119303,16.48,6193.299805,1413.050049,21409.070313,2425.530029,10.571428571428571
2017-07-12,2398.84,230.77,0.205354,179.89,48.75,40.39,19.94,0.133841,21.08,6261.169922,1424.319946,21532.140625,2443.25,10.857142857142858
2017-07-13,2357.90,209.73,0.200809,171.24,46.33,38.23,18.36,0.122953,20.50,6274.439941,1425.660034,21553.089844,2447.830078,11.142857142857142
2017-07-14,2233.34,199.66,0.190769,161.08,42.80,35.48,17.55,0.117498,19.46,6312.470215,1428.819946,21637.740234,2459.27002,11.428571428571429
2017-07-15,1998.86,170.66,0.170589,140.14,38.92,32.09,14.77,0.111478,18.34,6313.123535333333,1429.7466226666668,21635.067057,2459.2266443333333,11.714285714285714
2017-07-16,1929.82,157.36,0.148056,132.64,40.91,29.43,14.18,0.097294,16.04,6313.776855666667,1430.6732993333333,21632.39388,2459.1832686666667,12.0
2017-07-17,2228.41,193.42,0.177889,153.85,42.67,34.83,15.50,0.133729,18.14,6314.430176,1431.599976,21629.720703,2459.139893,11.857142857142858
2017-07-18,2318.88,234.39,0.188718,158.07,44.30,36.38,16.40,0.132327,19.51,6344.310059,1427.609985,21574.730469,2460.610107,11.714285714285714
2017-07-19,2273.43,199.70,0.168388,155.65,40.86,35.06,14.83,0.126825,16.90,6385.040039,1441.77002,21640.75,2473.830078,11.571428571428571
2017-07-20,2817.60,227.26,0.188295,188.59,45.02,40.30,16.06,0.152087,19.53,6390.0,1442.349976,21611.779297,2473.449951,11.428571428571429
2017-07-21,2667.76,218.31,0.182608,185.86,45.76,40.34,16.14,0.143792,20.18,6387.75,1435.839966,21580.070313,2472.540039,11.285714285714286
2017-07-22,2810.12,229.48,0.193320,195.31,46.56,44.71,16.51,0.176768,21.49,6395.4366863333335,1436.5766603333334,21557.770182666667,2471.66333,11.142857142857142
2017-07-23,2730.40,225.95,0.195058,191.03,44.06,42.67,15.78,0.166136,21.05,6403.123372666667,1437.3133546666666,21535.470052333334,2470.786621,11.0
2017-07-24,2754.86,224.71,0.192002,204.02,44.41,45.58,15.88,0.169644,21.69,6410.810059,1438.050049,21513.169922,2469.909912,11.571428571428571
2017-07-25,2576.48,206.71,0.178104,195.52,42.24,40.68,14.92,0.158206,18.03,6412.169922,1450.390015,21613.429688,2477.1298829999996,12.142857142857142
2017-07-26,2529.45,203.95,0.173822,194.37,42.23,45.80,14.77,0.156463,18.15,6422.75,1442.280029,21711.009766,2477.830078,12.714285714285714
2017-07-27,2671.78,204.32,0.173457,194.09,42.14,45.24,14.66,0.170475,18.17,6382.189941,1433.619995,21796.550781,2475.419922,13.285714285714285
2017-07-28,2809.01,193.12,0.165937,185.61,40.61,43.96,14.16,0.165774,17.19,6374.680176,1429.26001,21830.310547,2472.100098,13.857142857142858
2017-07-29,2726.45,205.79,0.169871,185.25,41.12,43.89,14.40,0.170197,17.62,6365.826823,1427.8866783333333,21850.580078333332,2471.5000816666666,14.428571428571429
2017-07-30,2757.18,197.98,0.165082,172.82,40.42,39.62,13.81,0.160500,17.20,6356.97347,1426.5133466666666,21870.849609666668,2470.9000653333333,15.0
2017-07-31,2875.34,203.87,0.167386,178.51,43.02,39.84,14.00,0.165068,16.83,6348.120117,1425.140015,21891.119141,2470.300049,15.0
2017-08-01,2718.26,226.77,0.177053,184.75,43.04,44.15,14.57,0.181054,18.11,6362.939941,1428.329956,21963.919922,2476.350098,15.0
2017-08-02,2710.67,219.95,0.173113,182.93,42.13,43.63,14.77,0.219719,17.70,6362.649902,1412.900024,22016.240234,2477.570068,15.0
2017-08-03,2804.73,225.34,0.174612,186.99,42.86,43.36,15.37,0.226890,17.37,6340.339844,1405.22998,22026.099609,2472.159912,15.0
2017-08-04,2895.89,223.07,0.173743,186.97,43.45,45.12,15.04,0.224240,17.34,6351.560059,1412.319946,22092.810547,2476.830078,15.0
2017-08-05,3252.91,256.51,0.184737,193.83,46.86,48.58,15.93,0.228656,19.08,6362.296712666667,1412.9366453333334,22101.347005333333,2478.1900226666667,15.0
2017-08-06,3213.94,261.57,0.180444,189.13,45.10,47.83,15.35,0.248318,18.97,6373.033366333333,1413.5533446666666,22109.88346366667,2479.5499673333334,15.0
2017-08-07,3378.94,269.18,0.179021,197.19,45.80,50.21,15.31,0.280321,18.96,6383.77002,1414.170044,22118.419922,2480.909912,15.714285714285714
2017-08-08,3419.94,296.77,0.192586,203.84,48.63,51.94,15.88,0.275143,21.19,6370.459961,1410.150024,22085.339844,2474.919922,16.428571428571427
2017-08-09,3342.47,296.03,0.182947,199.21,48.01,50.96,15.38,0.279883,22.71,6352.330078,1396.949951,22048.699219,2474.02002,17.142857142857142
2017-08-10,3381.28,295.89,0.180399,200.96,46.50,49.47,15.19,0.294135,22.72,6216.870117,1372.540039,21844.009766,2438.209961,17.857142857142858
2017-08-11,3650.62,308.86,0.179307,205.79,47.10,50.65,15.17,0.295213,22.44,6256.560059,1374.22998,21858.320313,2441.320068,18.571428571428573
2017-08-12,3884.71,310.60,0.173853,205.49,46.43,49.37,14.81,0.278085,22.65,6284.450032666667,1380.9233396666666,21903.450521333332,2449.493408,19.285714285714285
2017-08-13,4073.26,298.06,0.168092,198.17,45.81,47.76,14.30,0.257339,20.65,6312.340006333334,1387.6166993333334,21948.580729666668,2457.666748,20.0
2017-08-14,4325.13,300.10,0.169991,199.44,45.80,49.75,14.08,0.256048,19.96,6340.22998,1394.310059,21993.710938,2465.840088,19.428571428571427
2017-08-15,4181.93,289.82,0.161221,203.52,43.31,48.74,13.69,0.247928,21.02,6333.009765999999,1383.23999,21998.990234,2464.610107,18.857142857142858
2017-08-16,4376.63,302.27,0.160431,232.02,44.15,48.78,14.19,0.258012,21.39,6345.109863000001,1383.530029,22024.869141,2468.110107,18.285714285714285
2017-08-17,4331.69,301.46,0.157498,233.62,43.91,47.45,13.93,0.244955,20.13,6221.910156,1358.939941,21750.730469,2430.01001,17.714285714285715
2017-08-18,4160.62,295.59,0.158883,224.28,47.28,46.69,13.81,0.243244,19.13,6216.529785,1357.790039,21674.509766,2425.550049,17.142857142857142
2017-08-19,4193.70,297.47,0.155057,288.70,45.48,55.96,13.70,0.256137,19.66,6215.396484333333,1357.4933673333333,21684.256510666666,2426.4900716666666,16.571428571428573
2017-08-20,4087.66,301.43,0.158735,294.20,46.23,54.71,13.89,0.271441,20.55,6214.263183666666,1357.1966956666668,21694.003255333333,2427.4300943333337,16.0
2017-08-21,4001.74,321.59,0.191918,279.58,47.94,77.82,14.56,0.252456,21.96,6213.129883,1356.900024,21703.75,2428.3701170000004,16.142857142857142
2017-08-22,4100.52,314.79,0.239286,291.50,46.73,91.16,14.39,0.254089,21.28,6297.47998,1371.540039,21899.890625,2452.51001,16.285714285714285
2017-08-23,4151.52,317.52,0.246827,292.57,53.25,90.33,15.29,0.249603,22.00,6278.410156,1369.73999,21812.089844,2444.040039,16.428571428571427
2017-08-24,4334.68,325.61,0.218958,315.37,50.19,86.29,15.14,0.265512,23.03,6271.330078,1373.880005,21783.400391,2438.969971,16.571428571428573
2017-08-25,4371.60,331.92,0.217828,315.89,51.18,108.26,15.28,0.270482,25.37,6265.640136999999,1377.449951,21813.669922,2443.050049,16.714285714285715
2017-08-26,4352.40,333.88,0.212577,399.85,51.75,138.05,15.29,0.268393,29.50,6271.433431333333,1379.043294,21811.91341166667,2443.446696,16.857142857142858
2017-08-27,4382.88,347.89,0.202995,362.89,61.16,130.68,16.02,0.274641,27.98,6277.226725666666,1380.636637,21810.156901333332,2443.843343,17.0
2017-08-28,4382.66,347.75,0.224508,356.78,62.36,145.40,15.79,0.278257,26.15,6283.02002,1382.22998,21808.400391,2444.23999,17.142857142857142
2017-08-29,4579.02,370.67,0.218564,359.55,63.17,133.03,15.79,0.283717,25.08,6301.890136999999,1383.680054,21865.369141,2446.300049,17.285714285714285
2017-08-30,4565.30,378.49,0.228006,368.34,64.17,132.38,15.66,0.295817,25.15,6368.310059,1391.319946,21892.429688,2457.590088,17.428571428571427
2017-08-31,4703.39,383.04,0.255630,378.32,71.06,140.41,16.38,0.337213,26.36,6428.660156,1405.280029,21948.099609,2471.649902,17.571428571428573
2017-09-01,4892.01,387.74,0.248479,393.35,86.04,141.20,21.94,0.332310,28.59,6435.330078,1413.569946,21987.560547,2476.550049,17.714285714285715
2017-09-02,4578.77,348.98,0.226669,350.17,79.02,124.80,20.08,0.295884,24.24,6420.3900145,1410.092468,21928.998047,2471.87506125,17.857142857142858
2017-09-03,4582.96,347.48,0.228811,356.39,76.84,126.01,18.57,0.307264,24.91,6405.4499510000005,1406.61499,21870.435547,2467.2000735,18.0
2017-09-04,4236.31,295.17,0.204968,316.13,65.21,106.17,15.84,0.273220,21.81,6390.5098875,1403.137512,21811.873047,2462.52508575,18.428571428571427
2017-09-05,4376.53,312.99,0.215189,327.23,71.29,118.82,16.58,0.286227,22.94,6375.569824,1399.660034,21753.310547,2457.850098,18.857142857142858
2017-09-06,4597.12,334.34,0.226186,347.17,80.11,121.63,19.02,0.301941,23.79,6393.310059,1402.199951,21807.640625,2465.540039,19.285714285714285
2017-09-07,4599.88,329.43,0.223640,343.91,78.48,120.84,17.81,0.293376,23.79,6397.870117,1398.670044,21784.779297,2465.100098,19.714285714285715
2017-09-08,4228.75,296.50,0.211518,333.21,67.79,118.04,15.20,0.268641,22.26,6360.189941,1399.430054,21797.789063,2461.429932,20.142857142857142
2017-09-09,4226.06,294.40,0.209995,323.14,66.01,116.27,14.89,0.267264,22.28,6384.213215999999,1404.5633546666666,21884.315755666667,2470.3233236666665,20.57142857142857
2017-09-10,4122.94,288.75,0.213031,320.11,61.61,112.33,13.66,0.256975,21.55,6408.236491,1409.6966553333334,21970.842448333333,2479.2167153333335,21.0
2017-09-11,4161.27,294.53,0.214441,318.40,66.04,112.75,14.61,0.252026,20.92,6432.259765999999,1414.829956,22057.369141,2488.110107,20.285714285714285
2017-09-12,4130.81,291.46,0.209303,325.97,64.23,111.89,14.44,0.249074,21.23,6454.279785,1423.459961,22118.859375,2496.47998,19.571428571428573
2017-09-13,3882.59,277.11,0.200778,301.29,61.73,111.33,14.11,0.233825,20.59,6460.189941,1426.890015,22158.179688,2498.3701170000004,18.857142857142858
2017-09-14,3154.95,213.91,0.164167,236.24,41.58,83.04,9.13,0.164254,15.76,6429.080078,1425.02002,22203.480469,2495.6201170000004,18.142857142857142
2017-09-15,3637.52,250.46,0.181358,284.36,48.21,99.85,10.24,0.211752,18.31,6448.470215,1431.709961,22268.339844,2500.22998,17.428571428571427
2017-09-16,3625.04,246.52,0.179082,298.86,48.26,95.29,9.93,0.207831,17.67,6450.526855666667,1434.8332926666667,22289.343098999998,2501.4433590000003,16.714285714285715
2017-09-17,3582.88,251.75,0.178393,313.84,48.49,93.74,10.02,0.204067,17.64,6452.583496333333,1437.9566243333334,22310.346354,2502.656738,16.0
2017-09-18,4065.20,293.50,0.189768,333.00,55.53,100.57,11.79,0.248516,19.02,6454.640136999999,1441.079956,22331.349609,2503.8701170000004,15.428571428571429
2017-09-19,3924.97,282.80,0.184041,324.26,52.84,97.72,11.48,0.237664,18.46,6461.319824,1440.400024,22370.800781,2506.649902,14.857142857142858
2017-09-20,3905.95,283.74,0.182078,342.43,51.73,95.57,11.25,0.231746,18.50,6456.040039,1445.420044,22412.589844,2508.23999,14.285714285714286
2017-09-21,3631.04,258.58,0.171754,330.05,46.61,86.24,10.07,0.210871,17.13,6422.689941,1444.180054,22359.230469,2500.600098,13.714285714285715
2017-09-22,3630.70,264.31,0.173510,346.58,48.09,88.17,10.26,0.210635,17.01,6426.919922,1450.780029,22349.589844,2502.219971,13.142857142857142
2017-09-23,3792.40,286.17,0.177882,350.79,49.27,91.85,10.61,0.222205,18.00,6408.143229333334,1451.1733396666666,22331.756510666666,2500.366618,12.571428571428571
2017-09-24,3682.84,282.48,0.175787,331.85,47.62,89.50,10.44,0.216154,17.84,6389.366536666666,1451.5666503333334,22313.92317733333,2498.513265,12.0
2017-09-25,3926.07,292.33,0.181487,345.09,51.58,93.64,10.86,0.232506,18.81,6370.589844,1451.959961,22296.089844,2496.659912,12.0
2017-09-26,3892.35,287.44,0.186119,339.10,51.55,93.13,11.24,0.228646,18.82,6380.160156,1456.859985,22284.320313,2496.840088,12.0
2017-09-27,4200.67,306.47,0.203299,346.43,56.28,101.04,12.65,0.243301,20.98,6453.259765999999,1484.810059,22340.710938,2507.040039,12.0
2017-09-28,4174.73,299.15,0.196131,338.25,54.09,97.23,12.73,0.238268,22.23,6453.450195,1488.790039,22381.199219,2510.060059,12.0
2017-09-29,4163.07,291.47,0.193606,327.70,52.62,94.50,12.52,0.237538,20.64,6495.959961,1490.859985,22405.089844,2519.360107,12.0
2017-09-30,4338.71,301.46,0.197529,327.14,55.14,95.76,12.98,0.235162,21.19,6502.880045666667,1497.0633136666668,22455.926432333334,2522.6134436666666,12.0
2017-10-01,4403.74,302.34,0.206532,315.80,54.54,93.22,12.74,0.246180,20.66,6509.800130333333,1503.2666423333333,22506.763020666665,2525.8667803333337,12.0
2017-10-02,4409.32,297.48,0.202676,308.69,53.38,91.54,12.44,0.231441,19.37,6516.720215,1509.469971,22557.599609,2529.1201170000004,13.0
2017-10-03,4317.48,292.46,0.203318,296.24,52.35,92.96,12.41,0.222740,19.44,6531.709961,1511.969971,22641.669922,2534.580078,14.0
2017-10-04,4229.36,292.66,0.214774,305.46,51.40,90.41,11.97,0.218456,18.99,6534.629883,1507.76001,22661.640625,2537.73999,15.0
2017-10-05,4328.41,295.86,0.237016,305.40,51.67,91.86,11.95,0.211072,19.02,6585.359863000001,1512.089966,22775.390625,2552.070068,16.0
2017-10-06,4370.81,308.59,0.234039,306.88,52.12,91.19,12.34,0.211324,19.61,6590.180176,1510.219971,22773.669922,2549.330078,17.0
2017-10-07,4426.89,311.12,0.238610,310.49,52.58,91.70,12.28,0.212189,20.13,6586.696777333334,1508.0000003333332,22769.470052333334,2547.796712,18.0
2017-10-08,4610.48,308.61,0.279944,302.48,53.14,89.77,12.12,0.194807,19.12,6583.213378666666,1505.7800296666667,22765.270182666667,2546.263346,19.0
2017-10-09,4772.02,297.39,0.251825,283.67,50.16,85.49,11.50,0.194931,17.81,6579.72998,1503.560059,22761.070313,2544.72998,19.0
2017-10-10,4781.99,299.87,0.260733,291.27,50.72,86.82,11.54,0.209909,18.77,6587.25,1508.01001,22830.679688,2550.639893,19.0
2017-10-11,4826.48,303.46,0.264439,298.40,50.89,87.42,11.49,0.214811,18.61,6603.549805,1506.920044,22872.890625,2555.23999,19.0
2017-10-12,5446.91,304.14,0.248414,291.91,60.11,87.09,11.96,0.206147,18.23,6591.509765999999,1505.160034,22841.009766,2550.929932,19.0
2017-10-13,5647.21,338.76,0.260489,310.38,59.43,95.13,12.18,0.211569,18.38,6605.799805,1502.660034,22871.720703,2553.169922,19.0
2017-10-14,5831.79,339.63,0.257320,316.69,63.95,100.23,12.26,0.210581,18.95,6611.866536666666,1502.6667073333333,22900.134114666667,2554.6599123333335,19.0
2017-10-15,5678.19,336.60,0.263983,309.51,65.47,94.87,11.95,0.207300,18.66,6617.933268333333,1502.6733806666666,22928.547526333332,2556.1499026666665,19.0
2017-10-16,5725.59,333.38,0.256232,302.21,64.62,95.90,11.89,0.223181,19.09,6624.0,1502.680054,22956.960938,2557.639893,19.142857142857142
2017-10-17,5605.51,317.08,0.232064,299.88,59.48,91.28,11.92,0.218207,18.70,6623.660156,1497.5,22997.439453,2559.360107,19.285714285714285
2017-10-18,5590.69,314.32,0.218520,297.26,60.73,89.54,11.53,0.220316,18.34,6624.220215,1505.140015,23157.599609,2561.26001,19.428571428571427
2017-10-19,5708.52,308.09,0.215150,295.47,59.74,88.62,11.34,0.220531,18.15,6605.069824,1502.040039,23163.039063,2562.100098,19.571428571428573
2017-10-20,6011.45,304.01,0.210549,289.19,60.33,90.54,11.22,0.215947,17.56,6629.049805,1509.25,23328.630859,2575.209961,19.714285714285715
2017-10-21,6031.60,300.19,0.211016,277.86,58.20,88.12,10.92,0.212676,16.84,6614.976562666667,1505.3299966666666,23310.407552,2571.7999673333334,19.857142857142858
2017-10-22,6008.42,295.45,0.204177,275.70,56.81,86.58,10.83,0.211949,16.85,6600.903320333333,1501.4099933333334,23292.184245,2568.3899736666667,20.0
2017-10-23,5930.32,286.95,0.196928,284.23,54.92,85.21,10.28,0.199053,16.29,6586.830078,1497.48999,23273.960938,2564.97998,21.0
2017-10-24,5526.64,298.33,0.206644,293.20,55.96,88.40,10.60,0.212616,17.66,6598.430176,1500.420044,23441.759766,2569.1298829999996,22.0
2017-10-25,5750.80,297.93,0.204604,289.14,56.49,88.13,10.63,0.206495,17.94,6563.890136999999,1493.47998,23329.460938,2557.149902,23.0
2017-10-26,5904.83,296.53,0.203628,286.13,55.74,88.58,10.50,0.199005,17.90,6556.77002,1497.459961,23400.859375,2560.399902,24.0
2017-10-27,5780.90,297.42,0.202785,280.48,55.33,86.75,10.38,0.197940,17.54,6701.259765999999,1508.319946,23434.189453,2581.070068,25.0
2017-10-28,5753.09,296.30,0.201835,275.69,54.69,86.31,10.55,0.197236,17.27,6700.493164333333,1502.5133053333334,23405.70638,2578.3234046666666,26.0
2017-10-29,6153.85,305.09,0.202785,283.93,57.11,88.65,10.86,0.201337,17.70,6699.726562666666,1496.7066646666667,23377.223307,2575.5767413333333,27.0
2017-10-30,6130.53,307.75,0.202711,285.94,56.39,88.84,10.87,0.200415,17.17,6698.959961,1490.900024,23348.740234,2572.830078,27.142857142857142
2017-10-31,6468.40,305.88,0.200558,279.15,55.75,87.64,10.62,0.186771,17.59,6727.669922,1502.530029,23377.240234,2575.26001,27.285714285714285
2017-11-01,6767.31,291.69,0.194124,271.56,53.18,85.72,10.26,0.166645,16.95,6716.529785,1492.780029,23435.009766,2579.360107,27.428571428571427
2017-11-02,7078.50,287.43,0.205861,265.31,54.74,83.76,10.24,0.166887,16.18,6714.939941,1496.550049,23516.259766,2579.850098,27.571428571428573
2017-11-03,7207.76,305.71,0.208133,278.59,56.18,87.99,12.66,0.171728,17.83,6764.439941,1494.910034,23539.189453,2587.840088,27.714285714285715
2017-11-04,7379.95,300.47,0.203750,274.68,55.04,87.30,11.89,0.170845,17.42,6771.773274333333,1495.9266763333333,23542.266276,2588.936686333333,27.857142857142858
2017-11-05,7407.41,296.26,0.202055,273.17,54.75,86.35,13.24,0.180309,16.61,6779.106607666667,1496.9433186666668,23545.343099,2590.0332846666665,28.0
2017-11-06,7022.76,298.89,0.205990,275.68,55.17,102.92,14.33,0.186642,16.89,6786.439941,1497.959961,23548.419922,2591.1298829999996,28.285714285714285
2017-11-07,7144.38,294.66,0.210354,293.38,61.30,99.76,13.92,0.180246,17.04,6767.779785,1479.089966,23557.230469,2590.639893,28.571428571428573
2017-11-08,7459.69,309.07,0.217437,316.33,62.57,113.31,14.02,0.194292,18.38,6789.120117,1481.72998,23563.359375,2594.3798829999996,28.857142857142858
2017-11-09,7143.58,320.88,0.217488,326.01,64.27,120.78,14.21,0.220927,19.12,6750.049805,1475.02002,23461.939453,2584.6201170000004,29.142857142857142
2017-11-10,6618.14,299.25,0.206483,329.57,59.26,105.59,14.60,0.192903,17.69,6750.939941,1475.27002,23422.210938,2582.300049,29.428571428571427
2017-11-11,6357.60,314.68,0.210430,346.06,62.30,119.62,19.42,0.192428,18.21,6753.159993333334,1475.2033286666667,23428.040365,2583.1467286666666,29.714285714285715
2017-11-12,5950.07,307.91,0.197339,536.12,59.01,123.86,15.18,0.180406,17.45,6755.380045666667,1475.1366373333333,23433.869791999998,2583.9934083333333,30.0
2017-11-13,6559.49,316.72,0.203442,427.37,61.40,123.40,16.11,0.192662,18.23,6757.600098000001,1475.069946,23439.699219,2584.840088,29.571428571428573
2017-11-14,6635.75,337.63,0.209825,427.54,62.68,122.35,17.87,0.194469,18.86,6737.870117,1471.26001,23409.470703,2578.8701170000004,29.142857142857142
2017-11-15,7315.54,333.36,0.212956,424.41,63.82,121.37,17.55,0.193879,19.22,6706.209961,1464.089966,23271.279297,2564.6201170000004,28.714285714285715
2017-11-16,7871.69,330.92,0.227107,418.18,71.06,120.31,16.88,0.196787,19.78,6793.290039,1486.880005,23458.359375,2585.639893,28.285714285714285
2017-11-17,7708.99,332.39,0.226581,424.98,67.57,126.70,17.24,0.192635,19.26,6782.790039,1492.819946,23358.240234,2578.850098,27.857142857142858
2017-11-18,7790.15,347.61,0.228627,454.74,69.64,130.80,17.72,0.196271,19.74,6785.430013,1496.3466386666666,23382.270182,2579.9466963333334,27.42857142857143
2017-11-19,8036.49,354.39,0.231016,442.31,71.59,129.48,17.92,0.201947,20.20,6788.069987,1499.8733313333335,23406.30013,2581.0432946666665,27.0
2017-11-20,8200.64,366.73,0.238759,486.54,72.25,135.76,18.39,0.213041,20.99,6790.709961,1503.400024,23430.330078,2582.139893,32.42857142857143
2017-11-21,8071.26,360.40,0.233271,494.21,70.03,141.74,17.80,0.202712,21.13,6862.47998,1518.890015,23590.830078,2599.030029,37.85714285714286
2017-11-22,8253.55,380.65,0.238859,578.85,71.89,165.95,17.99,0.203891,25.12,6867.359863,1516.76001,23526.179688,2597.080078,43.285714285714285
2017-11-23,8038.77,410.17,0.242402,566.68,73.22,158.61,18.23,0.201437,25.77,6878.2600095,1517.960022,23542.084961,2599.75,48.714285714285715
2017-11-24,8253.69,474.91,0.244642,566.63,77.97,160.03,21.45,0.209109,28.55,6889.160156,1519.160034,23557.990234,2602.419922,54.142857142857146
2017-11-25,8790.92,466.28,0.252393,643.57,88.82,168.44,21.71,0.218506,28.34,6885.613444,1517.2100423333334,23565.586588333335,2602.0865886666666,59.57142857142857
2017-11-26,9330.55,471.33,0.248818,621.62,85.93,163.37,22.22,0.213886,27.21,6882.066732,1515.2600506666665,23573.182942666666,2601.7532553333335,65.0
2017-11-27,9818.35,480.36,0.253927,632.30,91.60,173.39,25.75,0.226282,28.78,6878.52002,1513.310059,23580.779297,2601.419922,68.85714285714286
2017-11-28,10058.80,472.90,0.299152,626.42,96.03,203.21,33.98,0.248682,28.56,6912.359863,1536.430054,23836.710938,2627.040039,72.71428571428571
2017-11-29,9888.61,427.52,0.243064,677.39,85.57,168.15,25.42,0.218286,24.28,6824.390137,1542.300049,23940.679688,2626.070068,76.57142857142857
2017-11-30,10233.60,447.11,0.250878,786.93,88.33,180.14,28.19,0.226677,26.01,6873.970215,1544.140015,24272.349609,2647.580078,80.42857142857143
2017-12-01,10975.60,466.54,0.255699,797.53,99.00,190.94,31.20,0.239571,26.67,6847.589844,1537.02002,24231.589844,2642.219971,84.28571428571428
2017-12-02,11074.60,463.45,0.255492,778.43,100.28,203.03,30.80,0.252322,29.32,6823.516601666667,1535.483358,24251.076823,2641.2932943333335,88.14285714285714
2017-12-03,11323.20,465.85,0.252558,768.88,101.26,200.05,30.46,0.275915,35.46,6799.443359333333,1533.946696,24270.563802,2640.3666176666666,92.0
2017-12-04,11657.20,470.20,0.253571,774.01,104.24,210.24,30.40,0.285884,37.22,6775.370117,1532.410034,24290.050781,2639.439941,91.14285714285714
2017-12-05,11916.70,463.28,0.246101,756.36,102.40,269.48,30.39,0.301329,35.58,6762.209961,1516.76001,24180.640625,2629.570068,90.28571428571429
2017-12-06,14291.50,428.59,0.232544,700.07,100.35,278.69,27.86,0.270295,30.89,6776.379883,1508.880005,24140.910156,2629.27002,89.42857142857143
2017-12-07,17899.70,434.41,0.222823,697.90,98.29,280.86,26.82,0.236283,27.72,6812.839844,1520.469971,24211.480469,2636.97998,88.57142857142857
2017-12-08,16569.40,456.03,0.252125,726.67,124.85,276.74,30.05,0.639449,29.97,6840.080078,1521.719971,24329.160156,2651.5,87.71428571428571
2017-12-09,15178.20,473.50,0.244708,723.61,155.24,262.53,29.09,0.445482,29.09,6851.746744666667,1521.0933026666667,24348.116536333335,2654.329996666667,86.85714285714286
2017-12-10,15455.40,441.72,0.237333,688.67,148.66,245.33,26.51,0.393966,28.07,6863.413411333333,1520.4666343333333,24367.072916666668,2657.159993333333,86.0
2017-12-11,16936.80,515.14,0.251691,765.40,214.20,279.67,27.64,0.490530,30.81,6875.080078,1519.839966,24386.029297,2659.98999,88.0
2017-12-12,17415.40,651.43,0.373541,932.03,316.16,308.07,30.32,0.534018,34.23,6862.319823999999,1516.119995,24504.800781,2664.110107,90.0
2017-12-13,16408.20,702.77,0.471063,886.88,302.60,305.75,29.72,0.523858,34.97,6875.799805,1524.449951,24585.429688,2662.850098,92.0
2017-12-14,16564.00,695.82,0.864263,941.11,279.33,325.21,31.96,0.610045,36.84,6856.529785,1506.949951,24508.660156,2652.01001,94.0
2017-12-15,17706.90,684.45,0.756181,900.52,299.78,312.32,32.09,0.592682,36.40,6936.580078,1530.420044,24651.740234,2675.810059,96.0
2017-12-16,19497.40,696.21,0.758642,1001.51,298.97,327.32,34.78,0.657999,41.68,6955.973307333333,1536.5867106666667,24698.559895666665,2680.5933433333335,98.0
2017-12-17,19140.80,719.98,0.728366,1105.92,318.72,351.37,34.79,0.687827,42.93,6975.366536666666,1542.7533773333332,24745.379557333334,2685.3766276666665,100.0
2017-12-18,19114.20,794.64,0.778407,1167.12,358.34,381.51,39.40,0.846193,56.43,6994.759765999999,1548.920044,24792.199219,2690.159912,94.42857142857143
2017-12-19,17776.70,826.82,0.791257,1186.63,350.25,377.24,40.27,0.942962,108.47,6963.850098000001,1536.75,24754.75,2681.469971,88.85714285714286
2017-12-20,16624.60,819.09,0.775964,1550.85,314.62,469.20,44.05,0.918996,88.71,6960.959961,1540.079956,24726.650391,2679.25,83.28571428571428
2017-12-21,15802.90,821.06,1.19,1434.82,317.46,417.98,42.10,0.998102,83.99,6965.359863,1547.109985,24782.289063,2684.570068,77.71428571428572
2017-12-22,13831.80,674.86,1.14,1179.01,264.93,346.11,30.96,0.816177,61.49,6959.959961,1542.930054,24754.060547,2683.340088,72.14285714285714
2017-12-23,14699.20,719.39,1.17,1275.50,288.27,382.04,32.73,0.927166,73.50,6954.032470749999,1543.2550354999998,24752.09814475,2682.6300659999997,66.57142857142857
2017-12-24,13925.80,694.15,1.04,1184.69,275.98,337.06,30.78,1.04,69.52,6948.1049805,1543.580017,24750.135742500002,2681.920044,61.0
2017-12-25,14026.60,765.83,1.12,1175.89,273.39,360.78,32.35,1.01,71.35,6942.17749025,1543.9049985000001,24748.17334025,2681.210022,58.857142857142854
2017-12-26,16099.80,773.84,1.19,1222.83,286.50,381.54,32.90,0.988380,86.21,6936.25,1544.22998,24746.210938,2680.5,56.714285714285715
2017-12-27,15838.50,762.84,1.40,1189.89,272.17,421.85,32.14,0.944464,80.54,6939.339844,1543.939941,24774.300781,2682.6201170000004,54.57142857142857
2017-12-28,14606.50,737.02,1.43,1160.57,249.93,378.90,29.53,0.909741,74.24,6950.160156,1548.930054,24837.509766,2687.540039,52.42857142857143
2017-12-29,14656.20,753.59,2.21,1147.95,245.50,377.37,30.03,1.06,76.52,6903.390137,1535.51001,24719.220703,2673.610107,50.285714285714285
2017-12-30,12952.20,717.26,2.16,1011.47,218.96,330.80,26.92,0.926883,65.83,6929.26757825,1539.13501,24745.41796875,2679.160095,48.14285714285714
2017-12-31,14156.40,756.73,2.30,1051.68,232.10,349.03,28.00,1.03,70.07,6955.1450195,1542.76001,24771.6152345,2684.710083,46.0
2018-01-01,13657.20,772.64,2.39,1053.98,229.03,358.99,34.17,1.04,74.48,6981.0224607499995,1546.38501,24797.81250025,2690.2600709999997,46.0
2018-01-02,14982.10,884.44,2.48,1217.72,255.68,383.42,34.92,1.16,79.47,7006.899901999999,1550.01001,24824.009766,2695.810059,46.0
2018-01-03,15201.00,962.72,3.11,1170.74,245.37,412.06,34.86,1.79,77.47,7065.529785,1552.579956,24922.679688,2713.060059,46.0
2018-01-04,15599.20,980.92,3.20,1229.79,241.37,403.05,36.32,1.64,73.70,7077.910156,1555.719971,25075.130859,2723.98999,46.0
2018-01-05,17429.50,997.72,3.05,1152.41,249.27,384.94,36.20,1.59,72.81,7136.560059,1560.01001,25295.869141,2743.149902,46.0
2018-01-06,17527.00,1041.68,3.09,1265.03,296.45,452.77,38.42,1.65,77.53,7143.503418333334,1560.6100263333333,25291.579427333334,2744.6699216666666,46.0
2018-01-07,16477.60,1153.17,3.38,1285.43,288.45,459.33,40.79,1.84,80.21,7150.446777666667,1561.2100426666666,25287.289713666665,2746.1899413333335,46.0
2018-01-08,15170.10,1148.53,2.46,1087.75,255.76,405.07,34.19,1.65,98.12,7157.390137,1561.810059,25283.0,2747.709961,47.42857142857143
2018-01-09,14595.40,1299.74,2.10,1111.86,247.04,413.33,38.32,1.54,91.86,7163.580078,1560.099976,25385.800781,2751.290039,48.857142857142854
2018-01-10,14973.30,1255.82,1.97,1106.36,250.52,407.74,36.95,1.45,102.98,7153.569823999999,1559.800049,25369.130859,2748.22998,50.285714285714285
2018-01-11,13405.80,1154.93,1.95,1007.88,229.37,355.59,32.79,1.31,101.93,7211.779785,1586.790039,25574.730469,2767.560059,51.714285714285715
2018-01-12,13980.60,1273.20,2.04,1054.87,236.86,394.78,36.40,1.44,105.46,7261.060059,1591.969971,25803.189453,2786.23999,53.142857142857146
2018-01-13,14360.20,1396.42,2.02,1100.26,259.19,420.05,42.39,1.51,106.15,7251.7175295,1587.219971,25800.6069335,2783.784973,54.57142857142857
2018-01-14,13772.00,1366.77,1.86,1014.07,238.68,399.52,42.96,1.39,94.86,7242.375,1582.469971,25798.024414,2781.329956,56.0
2018-01-15,13819.80,1291.92,1.68,939.19,232.77,414.57,40.50,1.39,90.88,7233.0324705,1577.719971,25795.4418945,2778.8749390000003,53.285714285714285
2018-01-16,11490.50,1053.69,1.18,759.62,188.33,320.04,28.46,1.03,67.62,7223.689941,1572.969971,25792.859375,2776.419922,50.57142857142857
2018-01-17,11188.60,1014.25,1.31,793.57,186.52,319.19,29.12,1.02,64.45,7298.279785,1586.660034,26115.650391,2802.560059,47.85714285714286
2018-01-18,11474.90,1036.28,1.60,835.49,192.84,316.47,30.19,1.08,64.67,7296.049805,1576.72998,26017.810547,2798.030029,45.14285714285714
2018-01-19,11607.40,1039.10,1.55,846.16,192.96,364.62,31.70,1.10,77.58,7336.379883,1597.630005,26071.720703,2810.300049,42.42857142857143
2018-01-20,12899.20,1155.15,1.58,926.12,211.02,383.79,35.01,1.21,96.40,7360.263183666666,1600.1433513333334,26119.347005,2817.8566896666666,39.714285714285715
2018-01-21,11600.10,1049.58,1.38,818.27,190.42,345.08,30.32,1.07,87.82,7384.146484333333,1602.6566976666666,26166.973307,2825.4133303333333,37.0
2018-01-22,10931.40,1003.26,1.36,763.20,180.01,315.90,29.26,0.991465,84.76,7408.029785,1605.170044,26214.599609,2832.969971,37.42857142857143
2018-01-23,10868.40,986.23,1.34,757.34,177.81,308.46,28.37,0.942383,88.25,7460.290039,1610.709961,26210.810547,2839.1298829999996,37.857142857142854
2018-01-24,11359.40,1058.78,1.36,775.11,179.99,317.40,29.60,0.963750,89.64,7415.060059,1601.77002,26252.119141,2837.540039,38.285714285714285
2018-01-25,11259.40,1056.03,1.31,795.65,180.27,317.10,29.19,0.949100,88.24,7411.160156,1601.670044,26392.789063,2839.25,38.714285714285715
2018-01-26,11171.40,1055.17,1.22,782.41,176.73,323.69,28.80,0.839974,84.08,7505.77002,1608.060059,26616.710938,2872.8701170000004,39.142857142857146
2018-01-27,11440.70,1107.07,1.22,773.84,180.89,321.36,29.49,1.06,83.68,7492.683268666667,1604.7433676666667,26557.634115,2866.4234210000004,39.57142857142857
2018-01-28,11786.30,1246.01,1.40,812.24,193.87,332.17,32.90,1.03,85.13,7479.5965173333325,1601.4266763333333,26498.557291999998,2859.976725,40.0
2018-01-29,11296.40,1182.36,1.32,767.69,181.66,316.63,31.71,0.935431,79.45,7466.509765999999,1598.109985,26439.480469,2853.530029,41.0
2018-01-30,10106.30,1071.13,1.14,676.91,165.28,274.02,27.13,0.776491,68.16,7402.47998,1582.819946,26076.890625,2822.429932,42.0
2018-01-31,10221.10,1118.31,1.16,697.46,163.35,272.89,28.76,0.779857,68.34,7411.47998,1574.97998,26149.390625,2823.810059,43.0
2018-02-01,9170.54,1036.79,0.962530,617.04,142.30,240.97,24.97,0.618265,65.02,7385.859863,1579.869995,26186.710938,2821.97998,44.0
2018-02-02,8830.75,915.78,0.884784,586.88,131.38,235.63,23.07,0.582652,58.40,7240.950195,1547.27002,25520.960938,2762.1298829999996,45.0
2018-02-03,9174.91,964.02,0.924043,637.37,160.25,251.59,24.20,0.628795,61.00,7149.8100583333335,1528.5433353333333,25129.223958666666,2724.399902333333,46.0
2018-02-04,8277.01,834.68,0.815703,549.96,148.03,221.05,21.04,0.550870,51.08,7058.669921666667,1509.8166506666666,24737.486979333335,2686.6699216666666,47.0
2018-02-05,6955.27,697.95,0.691799,451.43,125.33,179.49,16.53,0.449672,42.80,6967.529785,1491.089966,24345.75,2648.939941,44.142857142857146
2018-02-06,7754.00,793.12,0.776393,528.50,142.99,212.29,19.39,0.584200,47.70,7115.879883,1507.170044,24912.769531,2695.139893,41.285714285714285
2018-02-07,7621.30,757.07,0.723895,521.99,138.20,207.28,18.16,0.536718,47.37,7051.97998,1507.969971,24893.349609,2681.659912,38.42857142857143
2018-02-08,8265.59,817.81,0.805263,605.00,149.47,247.22,21.79,0.543094,52.00,6777.160156,1463.790039,23860.460938,2581.0,35.57142857142857
2018-02-09,8736.98,883.87,0.954428,637.82,163.95,260.43,26.00,0.590486,57.57,6874.490234000001,1477.839966,24190.900391,2619.550049,32.714285714285715
2018-02-10,8621.90,860.41,1.07,634.10,155.59,250.03,24.52,0.590511,55.03,6910.313476333334,1482.2199706666668,24327.690104333335,2631.7000326666666,29.857142857142858
2018-02-11,8129.97,814.66,1.00,580.02,148.99,229.49,24.13,0.528640,49.21,6946.136718666667,1486.5999753333333,24464.479817666666,2643.8500163333333,27.0
2018-02-12,8926.57,868.71,1.08,620.56,161.57,247.57,29.88,0.557894,54.13,6981.959961,1490.97998,24601.269531,2656.0,26.571428571428573
2018-02-13,8598.31,845.26,1.03,595.47,159.55,234.69,33.96,0.533186,49.89,7013.509765999999,1494.949951,24640.449219,2662.939941,26.142857142857142
2018-02-14,9494.63,923.56,1.14,678.98,213.36,276.66,35.04,0.570005,52.79,7143.620117,1522.099976,24893.490234,2698.6298829999996,25.714285714285715
2018-02-15,10166.40,936.98,1.15,703.86,225.43,303.25,34.53,0.561359,54.55,7256.430176000001,1537.199951,25200.369141,2731.199951,25.285714285714285
2018-02-16,10233.90,944.21,1.14,698.86,230.12,296.48,35.03,0.568887,54.44,7239.470215,1543.550049,25219.380859,2732.219971,24.857142857142858
2018-02-17,11112.70,974.12,1.20,742.16,229.47,325.67,34.99,0.598880,55.27,7238.180176,1540.16003425,25155.72314425,2728.22998075,24.42857142857143
2018-02-18,10551.80,923.92,1.12,689.28,215.74,300.12,34.88,0.530407,54.14,7236.890137,1536.7700195,25092.0654295,2724.2399905,24.0
2018-02-19,11225.30,943.87,1.14,728.73,223.06,316.49,39.29,0.529261,54.27,7235.600098000001,1533.38000475,25028.40771475,2720.25000025,23.428571428571427
2018-02-20,11403.70,895.37,1.09,685.04,232.85,304.40,38.47,0.484397,50.64,7234.310059,1529.98999,24964.75,2716.26001,22.857142857142858
2018-02-21,10690.40,849.97,1.02,670.38,213.35,322.61,36.63,0.464439,47.01,7218.22998,1531.839966,24797.779297,2701.330078,22.285714285714285
2018-02-22,10005.00,812.85,0.941788,632.96,195.31,282.76,32.81,0.432245,43.54,7210.089844,1529.98999,24962.480469,2703.959961,21.714285714285715
2018-02-23,10301.10,864.19,0.998855,631.66,209.31,285.71,38.04,0.439576,44.52,7337.390137,1549.189941,25309.990234,2747.300049,21.142857142857142
2018-02-24,9813.07,840.51,0.954402,595.01,209.42,273.79,38.84,0.406426,43.36,7365.413411666666,1552.569946,25443.083333000002,2758.066732,20.571428571428573
2018-02-25,9664.73,844.81,0.943487,591.69,220.47,281.02,36.41,0.398644,44.04,7393.4366863333335,1555.949951,25576.176432,2768.833415,20.0
2018-02-26,10366.70,869.32,0.956859,621.27,220.96,293.61,36.08,0.402877,46.43,7421.459961,1559.329956,25709.269531,2779.600098,19.857142857142858
2018-02-27,10725.60,878.26,0.947305,615.85,216.60,302.54,36.25,0.401762,48.44,7330.350098000001,1536.469971,25410.029297,2744.280029,19.714285714285715
2018-02-28,10397.90,855.20,0.904583,584.29,202.90,285.70,33.69,0.401794,45.85,7273.009765999999,1512.449951,25029.199219,2713.830078,19.571428571428573
2018-03-01,10951.00,872.20,0.928347,617.53,209.75,314.04,33.76,0.416245,47.01,7180.560059,1507.390015,24608.980469,2677.669922,19.428571428571427
2018-03-02,11086.40,856.85,0.910144,603.63,212.56,344.73,30.77,0.395159,45.19,7257.870117,1533.170044,24538.060547,2691.25,19.285714285714285
2018-03-03,11489.70,857.23,0.907804,610.52,210.64,352.95,29.19,0.377967,47.25,7282.150065,1537.463379,24650.29362,2701.146647,19.142857142857142
2018-03-04,11512.60,866.68,1.01,620.49,213.80,368.97,29.69,0.356651,46.53,7306.430013,1541.7567139999999,24762.526693,2711.043294,19.0
2018-03-05,11573.30,853.68,0.959368,614.58,211.18,373.25,26.84,0.353482,46.42,7330.709961,1546.050049,24874.759766,2720.939941,19.0
2018-03-06,10779.90,816.95,0.922887,578.51,196.60,346.40,25.10,0.339163,43.46,7372.009765999999,1562.199951,24884.119141,2728.1201170000004,19.0
2018-03-07,9965.57,752.83,0.871210,513.74,185.84,339.15,22.12,0.297047,39.21,7396.649901999999,1574.530029,24801.359375,2726.800049,19.0
2018-03-08,9395.01,704.60,0.825857,493.82,176.51,278.64,22.67,0.341636,38.52,7427.950195,1571.969971,24895.210938,2738.969971,19.0
2018-03-09,9337.55,728.92,0.849761,499.50,187.17,288.09,22.48,0.338070,36.84,7560.810059,1597.140015,25335.740234,2786.570068,19.0
2018-03-10,8866.00,686.89,0.796627,484.35,177.73,257.04,20.91,0.341924,33.34,7569.979980666667,1598.4466963333332,25283.363281,2785.3867186666666,19.0
2018-03-11,9578.63,723.34,0.831122,531.80,188.95,282.35,21.58,0.350379,36.18,7579.149902333333,1599.7533776666667,25230.986328,2784.2033693333333,19.0
2018-03-12,9205.12,699.83,0.801048,501.30,178.23,259.42,20.50,0.390672,34.94,7588.319823999999,1601.060059,25178.609375,2783.02002,18.857142857142858
2018-03-13,9194.85,690.83,0.789711,487.37,175.78,248.07,19.92,0.465787,38.14,7511.009765999999,1592.050049,25007.029297,2765.310059,18.714285714285715
2018-03-14,8269.81,614.29,0.701902,426.25,161.10,215.56,17.15,0.399253,31.22,7496.810059,1584.310059,24758.119141,2749.47998,18.571428571428573
2018-03-15,8300.86,611.30,0.697269,418.24,164.48,213.31,18.41,0.376528,32.00,7481.740234000001,1576.619995,24873.660156,2747.330078,18.428571428571427
2018-03-16,8338.35,601.67,0.689260,425.52,165.45,215.70,17.78,0.338381,33.12,7481.990234000001,1586.050049,24946.509766,2752.01001,18.285714285714285
2018-03-17,7916.88,552.78,0.637856,387.28,152.97,197.91,16.32,0.281779,30.60,7436.073567333334,1580.8867189999999,24834.643229333335,2738.9799806666665,18.142857142857142
2018-03-18,8223.68,538.64,0.658777,394.15,154.07,209.63,16.79,0.281759,29.70,7390.156900666668,1575.723389,24722.776692666666,2725.9499513333335,18.0
2018-03-19,8630.65,556.73,0.749080,409.32,161.14,216.77,19.65,0.301993,33.20,7344.240234000001,1570.560059,24610.910156,2712.919922,18.0
2018-03-20,8913.47,557.17,0.709808,428.88,168.82,223.74,20.21,0.310745,35.44,7364.299805,1570.410034,24727.269531,2716.939941,18.0
2018-03-21,8929.28,561.73,0.693664,434.51,169.05,218.63,19.80,0.290294,36.15,7345.290039,1579.300049,24682.310547,2711.929932,18.0
2018-03-22,8728.47,539.70,0.662743,411.36,163.67,212.71,19.67,0.297499,35.19,7166.680176000001,1543.869995,23957.890625,2643.689941,18.0
2018-03-23,8879.62,539.62,0.643174,427.46,167.83,213.91,19.04,0.278787,35.19,6992.669922,1510.079956,23533.199219,2588.26001,18.0
2018-03-24,8668.12,526.44,0.641265,424.61,159.63,209.16,18.50,0.282152,34.75,7068.6266276666665,1521.2932943333333,23756.332682333334,2611.690023,18.0
2018-03-25,8495.78,524.29,0.641875,411.79,160.08,211.78,18.09,0.288878,34.23,7144.583333333334,1532.5066326666667,23979.466145666665,2635.120036,18.0
2018-03-26,8209.40,489.95,0.599463,390.87,149.22,197.18,16.48,0.266100,34.46,7220.540039,1543.719971,24202.599609,2658.550049,17.857142857142858
2018-03-27,7833.04,450.12,0.577917,354.75,135.78,187.93,15.91,0.249203,32.50,7008.810059,1513.569946,23857.710938,2612.6201170000004,17.714285714285715
2018-03-28,7954.48,446.28,0.578002,351.26,131.75,199.16,16.10,0.253923,33.10,6949.22998,1513.030029,23848.419922,2605.0,17.571428571428573
2018-03-29,7165.70,385.97,0.511511,329.28,114.68,176.86,14.68,0.221222,26.81,7063.450195,1529.430054,24103.109375,2640.8701170000004,17.428571428571427
2018-03-30,6890.52,394.64,0.509565,311.12,118.60,172.36,14.39,0.220901,25.78,7015.117675500001,1520.20504775,23988.3793945,2626.1225585,17.285714285714285
2018-03-31,6973.53,396.46,0.512353,305.76,116.61,179.56,14.37,0.221104,26.05,6966.785156,1510.9800415,23873.649414,2611.375,17.142857142857142
2018-04-01,6844.23,379.61,0.485081,291.53,115.22,175.51,13.58,0.208790,24.35,6918.4526365,1501.75503525,23758.9194335,2596.6274415,17.0
2018-04-02,7083.80,386.43,0.500688,311.81,119.31,177.51,14.13,0.226911,25.59,6870.120117,1492.530029,23644.189453,2581.8798829999996,16.857142857142858
2018-04-03,7456.11,416.89,0.558044,339.85,134.47,189.53,15.16,0.260692,27.40,6941.279785,1512.150024,24033.359375,2614.449951,16.714285714285715
2018-04-04,6853.84,380.54,0.501631,299.85,118.41,170.10,13.64,0.227384,24.11,7042.109863,1531.660034,24264.300781,2644.689941,16.571428571428573
2018-04-05,6811.47,383.23,0.495801,301.65,119.13,173.31,13.72,0.224768,26.80,7076.549805,1542.930054,24505.220703,2662.840088,16.428571428571427
2018-04-06,6636.32,370.29,0.476431,285.45,113.16,162.00,13.15,0.219099,24.14,6915.109863,1513.300049,23932.759766,2604.469971,16.285714285714285
2018-04-07,6911.09,385.31,0.487867,297.80,116.26,170.12,13.47,0.222968,24.61,6926.85319,1513.6866863333332,23948.206380333333,2607.366618,16.142857142857142
2018-04-08,7023.52,400.51,0.500398,310.85,117.67,173.97,14.12,0.235490,25.13,6938.596517,1514.0733236666667,23963.652994666667,2610.263265,16.0
2018-04-09,6770.73,398.53,0.491855,298.40,114.99,167.06,13.63,0.229289,24.30,6950.339844,1514.459961,23979.099609,2613.159912,15.714285714285714
2018-04-10,6834.76,414.24,0.491931,298.81,114.26,165.57,13.65,0.235359,24.69,7094.299805,1543.430054,24408.0,2656.8701170000004,15.428571428571429
2018-04-11,6968.32,430.54,0.539506,309.42,118.29,169.16,14.59,0.246886,25.44,7069.029785,1546.800049,24189.449219,2642.189941,15.142857142857142
2018-04-12,7889.25,492.94,0.628737,353.80,129.34,191.94,16.17,0.275733,27.91,7140.25,1557.329956,24483.050781,2663.98999,14.857142857142858
2018-04-13,7895.96,492.74,0.638087,353.07,125.35,188.87,15.61,0.282566,29.12,7106.649901999999,1549.51001,24360.140625,2656.300049,14.571428571428571
2018-04-14,7986.24,501.48,0.632184,356.14,126.29,190.42,16.02,0.305177,29.06,7123.193196333333,1554.016683,24431.106771,2663.480062,14.285714285714286
2018-04-15,8329.11,531.70,0.682534,381.70,132.04,200.62,16.75,0.358358,30.60,7139.736490666666,1558.523356,24502.072917,2670.660075,14.0
2018-04-16,8058.67,511.15,0.663297,363.57,128.34,194.10,16.12,0.344979,28.82,7156.279785,1563.030029,24573.039063,2677.840088,14.142857142857142
2018-04-17,7902.09,502.89,0.656933,363.85,132.93,195.75,16.07,0.340167,28.91,7281.100098000001,1579.800049,24786.630859,2706.389893,14.285714285714286
2018-04-18,8163.42,524.79,0.708932,421.18,140.00,228.34,17.62,0.375668,32.49,7295.240234000001,1583.560059,24748.070313,2708.639893,14.428571428571429
2018-04-19,8294.31,567.89,0.791976,431.33,146.30,238.61,18.38,0.387630,38.39,7238.060059,1573.819946,24664.890625,2693.1298829999996,14.571428571428571
2018-04-20,8845.83,615.72,0.924465,460.41,155.54,271.98,19.64,0.405268,39.77,7146.129883,1564.119995,24462.939453,2670.139893,14.714285714285714
2018-04-21,8895.58,605.39,0.873103,444.50,148.93,258.18,18.69,0.388677,38.58,7140.286621333334,1563.4533283333333,24458.189453,2670.1899416666665,14.857142857142858
2018-04-22,8802.46,621.86,0.869995,467.71,146.77,271.30,18.79,0.386091,40.01,7134.443359666667,1562.7866616666668,24453.439453,2670.2399903333335,15.0
2018-04-23,8930.88,642.55,0.876657,503.39,152.25,283.30,20.48,0.394801,42.33,7128.600098000001,1562.119995,24448.689453,2670.290039,14.571428571428571
2018-04-24,9697.50,708.16,0.934781,530.13,165.78,296.04,22.25,0.434433,45.61,7007.350098000001,1553.280029,24024.130859,2634.560059,14.142857142857142
2018-04-25,8845.74,615.42,0.800607,461.01,144.76,257.14,18.58,0.376121,40.14,7003.740234000001,1550.469971,24083.830078,2639.399902,13.714285714285715
2018-04-26,9281.51,662.81,0.852414,503.86,153.68,268.27,21.06,0.403456,43.05,7118.680176000001,1557.890015,24322.339844,2666.939941,13.285714285714286
2018-04-27,8987.05,647.03,0.813885,472.06,145.91,251.88,20.56,0.388561,40.18,7119.799805,1556.23999,24311.189453,2669.909912,12.857142857142858
2018-04-28,9348.48,683.68,0.863804,494.11,152.30,261.50,21.73,0.420334,41.85,7101.956543333333,1554.7624815,24261.843098999998,2662.623291,12.428571428571429
2018-04-29,9419.08,688.88,0.872778,498.69,153.63,256.87,21.83,0.427005,40.64,7084.113281666667,1553.284973,24212.496745,2655.33667,12.0
2018-04-30,9240.55,669.92,0.837938,472.77,148.48,242.46,21.68,0.408880,40.22,7066.27002,1551.8074645000002,24163.150391,2648.050049,12.142857142857142
2018-05-01,9119.01,673.61,0.841407,478.90,148.49,240.26,21.58,0.404853,39.10,7130.700195,1550.329956,24099.050781,2654.800049,12.285714285714286
2018-05-02,9235.92,687.15,0.859094,481.49,151.58,249.66,21.67,0.420621,39.31,7100.899901999999,1554.910034,23924.980469,2635.669922,12.428571428571429
2018-05-03,9743.86,779.54,0.884466,503.32,161.46,245.98,22.76,0.434050,44.26,7088.149901999999,1546.560059,23930.150391,2629.72998,12.571428571428571
2018-05-04,9700.76,785.62,0.895442,486.32,168.79,241.53,22.40,0.431269,43.23,7209.620117,1565.599976,24262.509766,2663.419922,12.714285714285714
2018-05-05,9858.15,816.12,0.905103,505.71,177.76,240.78,22.76,0.426755,43.87,7228.150065,1570.0499676666666,24294.113281666665,2666.489909,12.857142857142858
2018-05-06,9654.80,792.31,0.871424,485.22,171.80,235.49,25.34,0.418524,42.87,7246.680013,1574.4999593333334,24325.716797333334,2669.5598959999998,13.0
2018-05-07,9373.01,753.73,0.832641,457.99,164.88,233.07,23.64,0.390551,41.53,7265.209961,1578.949951,24357.320313,2672.6298829999996,12.714285714285714
2018-05-08,9234.82,752.86,0.813970,443.78,159.62,223.35,22.47,0.378160,45.10,7266.899901999999,1586.390015,24360.210938,2671.919922,12.428571428571429
2018-05-09,9325.18,752.27,0.802043,443.16,157.06,227.52,21.50,0.379517,50.41,7339.910156,1596.050049,24542.539063,2697.790039,12.142857142857142
2018-05-10,9043.94,727.28,0.758237,421.34,149.87,218.22,19.74,0.351925,44.28,7404.970215,1603.709961,24739.529297,2723.070068,11.857142857142858
2018-05-11,8441.49,679.59,0.684948,394.21,137.12,197.74,17.73,0.320185,56.03,7402.879883,1606.790039,24831.169922,2727.719971,11.571428571428571
2018-05-12,8504.89,686.05,0.696735,404.53,141.88,201.96,18.15,0.332630,52.12,7405.693196666666,1604.6400146666667,24853.916666666668,2728.523275,11.285714285714286
2018-05-13,8723.94,733.50,0.745748,416.84,144.59,209.58,18.73,0.356028,52.98,7408.506510333333,1602.4899903333333,24876.663411333335,2729.3265789999996,11.0
2018-05-14,8716.79,730.55,0.740898,432.71,147.71,215.04,18.79,0.368996,54.08,7411.319823999999,1600.339966,24899.410156,2730.1298829999996,11.0
2018-05-15,8510.38,708.87,0.698588,429.34,139.88,205.17,18.26,0.335998,54.23,7351.629883,1600.339966,24706.410156,2711.449951,11.0
2018-05-16,8368.83,707.05,0.714081,412.60,139.27,199.21,17.76,0.326662,50.41,7398.299805,1616.369995,24768.929688,2722.459961,11.0
2018-05-17,8094.32,672.66,0.667310,387.41,132.77,192.99,17.04,0.303940,56.80,7382.470215,1625.290039,24713.980469,2720.1298829999996,11.0
2018-05-18,8250.97,694.37,0.680294,395.89,136.06,204.05,18.00,0.312504,55.63,7354.339844,1626.630005,24715.089844,2712.969971,11.0
2018-05-19,8247.18,696.53,0.676713,386.53,135.32,197.57,17.70,0.307566,53.83,7367.573242333334,1630.233317,24814.489583666666,2719.649984,11.0
2018-05-20,8513.25,715.37,0.700244,402.08,139.70,203.45,18.16,0.321398,54.30,7380.806640666667,1633.8366290000001,24913.889323333333,2726.329997,11.0
2018-05-21,8418.99,699.22,0.681587,384.79,134.51,198.74,17.68,0.311285,51.80,7394.040039,1637.439941,25013.289063,2733.01001,11.0
2018-05-22,8041.78,647.74,0.645567,360.38,128.68,176.27,16.47,0.287475,45.70,7378.459961,1625.23999,24834.410156,2724.439941,11.0
2018-05-23,7557.82,583.59,0.599594,340.67,119.31,171.54,14.95,0.261433,42.40,7425.959961,1627.609985,24886.810547,2733.290039,11.0
2018-05-24,7587.34,601.75,0.631997,343.71,122.61,171.49,15.71,0.271747,42.03,7424.430176000001,1628.219971,24811.759766,2727.76001,11.0
2018-05-25,7480.14,586.73,0.611001,339.71,119.44,164.72,15.19,0.263889,39.87,7433.850098000001,1626.930054,24753.089844,2721.330078,11.0
